DomainID,Architecture,Topology,HomologousSF,Domain_len,Angstroms
2gnoA02,10,8,250,59,2.0
3c9pA00,10,8,290,119,1.96
2aplA01,10,8,330,66,2.01
2aplA02,10,8,340,81,2.01
1xhbA02,10,8,460,66,2.5
1wxqA02,10,8,470,89,2.6
2ynmD04,10,8,550,50,2.1
2hl7A00,10,8,640,82,1.7
3qauA03,10,8,660,51,2.3
2g5gX02,10,8,760,59,1.9
4gmqA00,10,8,840,92,1.3
2xljA02,10,8,890,22,2.6
3kfuG02,10,8,990,18,3.0
3m7gA02,10,8,1010,95,2.4
3rfwA01,10,8,1040,61,2.2
3tl4X01,10,8,1290,112,2.3
1uj8A00,10,10,600,73,1.75
1y0nA00,10,10,610,71,2.0
2qguA02,10,10,640,77,1.5
1xmxA03,10,10,680,89,2.1
1z67A00,10,10,690,126,1.45
1qu3A03,10,10,830,56,2.9
1dquA02,10,10,850,109,2.8
1oltA02,10,10,920,81,2.07
4jqfA01,10,10,980,95,1.6
1z21A00,10,10,1000,96,1.5
3ll7A01,10,10,1110,72,1.8
3hc7A02,10,10,1120,62,2.0
3g2bA00,10,10,1150,90,1.66
2wa0A01,10,10,1200,101,2.3
2wa0A02,10,10,1210,113,2.3
3a4cA00,10,10,1420,106,1.89
2vqcA00,10,10,1470,68,2.3
2vxzA02,10,10,1490,85,1.7
2e1mC02,10,10,1620,50,2.8
6em3i00,10,10,1760,74,3.2
2e1mB02,10,10,1790,46,2.8
2r4gA02,10,10,1970,64,1.71
2v9kA01,10,10,2050,50,2.0
3euhC02,10,10,2260,108,2.9
3l4gC02,10,10,2320,45,3.3
3l4gC03,10,10,2330,53,3.3
3pubA01,10,10,2400,74,1.91
3tl4X02,10,10,2420,71,2.3
3zcoA00,10,10,2450,127,2.7
3zr8X00,10,10,2460,65,0.9
3tbiA00,10,10,2850,69,3.0
3gmfA02,10,40,110,103,1.76
1iipA02,10,150,160,85,2.0
2i5hA02,10,150,280,96,1.74
2f8lA01,10,150,470,81,2.2
2hoqA02,10,150,520,79,1.7
3t5qG01,10,150,550,104,3.0
3deeA01,10,150,690,85,2.1
3k1zA02,10,150,720,84,1.55
3kzxA02,10,150,730,62,1.9
3smvA02,10,150,750,77,1.38
4bx9C00,10,150,780,95,2.6
4hteA03,10,167,30,80,3.0
1c1kA02,10,220,50,115,1.45
1q8dA00,10,220,110,99,1.8
3eujB00,10,225,40,90,3.1
3ivtA02,10,238,260,104,2.67
1lnsA03,10,246,70,87,2.2
4m70B00,10,246,200,91,2.1
3me5A01,10,260,140,62,1.75
4eziA02,10,260,160,91,1.15
3f8tA01,10,260,200,84,1.9
2vk9A04,10,274,80,104,2.85
1ezjA01,10,287,320,62,1.9
1ezjA02,10,287,340,52,1.9
1kmiZ02,10,287,500,134,2.9
1p49A02,10,287,550,59,2.6
2o57A01,10,287,840,104,1.95
2fl4A01,10,287,900,43,1.6
2a79B02,10,287,930,61,2.9
1zx3A01,10,287,1020,83,2.5
3d36C01,10,287,1100,34,2.03
1w59A01,10,287,1110,33,2.7
1xouA00,10,287,1140,68,2.8
1s5jA05,10,287,1390,62,2.4
3if8B01,10,287,1880,64,2.55
3f75P00,10,287,2250,75,1.99
3vkhB01,10,287,2620,64,3.8
4jquB00,10,287,4310,54,1.81
2a2fX01,10,357,30,167,2.5
3ns4A00,10,357,110,201,2.9
3k8pC02,10,357,150,187,2.6
1td6A03,10,472,40,92,2.5
2in3A02,10,472,60,123,1.85
3h4cA02,10,472,110,110,2.3
2qdjA03,10,472,140,113,2.0
2yskA00,10,490,110,144,1.9
3ztaA00,10,490,130,136,2.7
1y02A01,10,720,140,78,1.8
3pmqA02,10,720,180,50,3.2
1sknP00,10,880,10,74,2.5
3kwlA02,10,1060,20,110,1.94
1gpjA03,10,1200,70,85,1.95
1vhnA02,10,1200,80,68,1.59
1z6mA02,10,1200,90,59,1.3
3ukvC01,10,1200,260,33,2.7
2rh3A00,10,1220,190,121,1.7
4m0mA02,10,1240,80,100,2.19
16vpA00,10,1290,10,311,2.1
1ng6A01,10,1510,10,91,1.4
4jndA01,10,1740,220,130,1.65
3dd9D01,10,1790,50,78,2.45
1n81A00,10,3030,10,186,2.1
3kq5A01,10,3210,40,221,2.0
3h0nA00,10,3300,10,182,1.45
2gviA01,10,3320,10,62,1.87
2zj2A04,10,3380,20,167,2.4
2pv4A00,10,3440,10,141,1.95
2gnxA01,10,3450,30,174,2.45
3qnfA04,10,3480,20,177,3.0
2ijrA02,10,3530,10,173,2.7
2vk9A03,10,3730,30,98,2.85
1y8aA02,10,3870,10,116,1.4
1t07A00,10,3880,10,75,1.8
2fi0A00,10,3910,10,79,2.1
3dt5A00,10,3940,10,118,1.94
1vrmA02,10,3980,10,99,1.58
1v4aA01,10,4050,10,107,2.0
2o9xA02,10,4070,10,77,3.4
1q5zA00,10,4110,10,145,1.8
3r2pA02,20,5,20,44,2.2
1e5wA04,20,5,450,55,2.7
1kmiZ01,20,5,590,30,2.9
1qgkB00,20,5,690,44,2.5
1wa9B03,20,5,770,34,3.15
1y9bA00,20,5,780,79,2.2
1t6aA01,20,5,850,43,2.05
2zjsE00,20,5,1030,46,3.2
2erlA00,20,50,10,40,1.0
2au3A04,20,50,30,55,2.0
3kxrA01,20,50,50,44,2.41
1r8iA00,20,58,430,187,3.0
4didB01,20,58,450,114,2.35
2p9bA04,20,58,520,89,1.7
3gmiA01,20,58,620,137,1.91
3if8B02,20,58,730,100,2.55
2ra1A03,20,58,770,63,2.41
2ra1A02,20,58,780,68,2.41
3ibpA01,20,58,850,70,3.1
2kinB01,20,58,980,80,2.0
2d2sA01,20,58,1210,116,2.85
2d2sA02,20,58,1220,101,2.85
2xqyA02,20,58,1340,143,2.05
3k8pC01,20,58,1440,102,2.6
3nbxX03,20,58,1510,101,2.91
4g2aA02,20,58,1690,85,2.33
4h63H01,20,58,1710,72,3.4
4hteA01,20,58,1730,140,3.0
4hteA02,20,58,1740,115,3.0
2yk0A03,20,58,1930,227,2.8
2w00A05,20,58,2040,99,2.6
2fcwA00,20,81,10,106,1.26
4k12B00,20,81,20,82,1.08
1a41A02,20,120,380,94,2.3
2ap3A00,20,120,570,192,1.6
2au5A00,20,120,590,124,2.1
3fxhA00,20,120,600,110,1.84
1gm5A01,20,120,630,95,3.24
2o9xA01,20,120,700,83,3.4
1s7zA01,20,120,780,97,1.83
3fajA00,20,120,950,101,1.7
3htkC01,20,120,1010,200,2.31
3jrtA00,20,120,1060,164,2.3
3i4uA01,20,120,1080,97,2.1
2w9yA00,20,120,1100,135,1.8
2p6vA00,20,120,1110,89,2.0
2e87A01,20,120,1190,158,2.35
3td7A02,20,120,1250,136,2.21
2xrhA00,20,120,1430,100,1.5
2xseA00,20,120,1440,150,1.9
6cgvM01,20,120,1500,134,3.8
3t4rA00,20,120,1590,70,2.0
4a2nB00,20,120,1630,192,3.4
4ewcA03,20,120,1660,72,2.7
4fwvA02,20,120,1680,133,2.4
4fx5A03,20,120,1690,96,1.73
4k7bA00,20,120,1740,111,1.55
3i5pA03,20,120,1880,244,3.2
3ripA02,20,120,1900,279,2.3
4fz4A00,20,140,130,154,2.44
3cmnA01,20,150,30,117,2.25
1s2xA00,20,190,30,176,1.9
1ciiA01,20,250,10,344,3.0
1y9bB02,20,890,30,33,2.2
2xz2A00,20,960,50,66,1.4
4f3fC00,20,970,40,59,2.65
2hsnA02,20,1050,110,107,2.2
3kwlA03,20,1050,140,151,1.94
3fcnA00,20,1220,20,154,1.45
2zxqA06,20,1270,70,66,2.0
2qkwA00,20,1270,140,101,3.2
2py6A01,20,1270,160,72,2.15
1zylA03,20,1270,170,103,2.8
3f7wA03,20,1270,240,100,1.85
4m0mA03,20,1270,430,78,2.19
4m0mA04,20,1270,440,115,2.19
2b8iA00,20,1280,100,77,1.8
3l1nA02,20,1280,140,86,1.3
2es9A00,20,1290,30,97,2.0
4onrA00,20,1420,40,147,1.6
2etdA00,20,1440,20,128,2.28
4gxtA02,20,1440,320,153,1.82
4hfvA01,20,1440,330,117,1.9
1u7lA02,20,1460,10,183,1.75
3rrkA02,20,1460,20,155,2.64
1td6A01,20,1480,10,102,2.5
4l3uA00,20,1480,40,122,1.95
1lshA02,25,10,20,335,1.9
4kf8B00,25,10,70,256,3.0
1ho8A02,25,40,150,112,2.95
1oxjA02,25,40,170,109,1.8
1rz4A01,25,40,250,118,2.1
1wy6A00,25,40,350,159,2.2
2jekA00,25,40,380,140,1.38
3i5pA01,25,40,450,131,3.2
2ilrA00,25,40,480,249,2.0
2iqcA00,25,40,490,173,2.4
3zrhA01,25,40,560,96,2.23
2x3mA00,25,40,670,166,1.45
3lxuX06,25,40,710,250,3.14
3rjvA02,25,40,740,62,1.65
4atgA00,25,40,770,195,1.89
4epzA00,25,40,810,149,1.68
4j8sA00,25,40,840,180,1.55
4k51B00,25,40,860,159,2.65
3m66A00,25,70,10,270,1.6
1yueA02,10,10,40,61,2.9
1lmlA03,10,55,10,63,1.86
3ci0J02,10,70,20,49,2.2
1rlhA01,10,70,30,50,1.8
3bt4A00,10,80,20,85,2.1
1q57G01,20,25,180,73,3.45
3if8A02,20,25,230,68,2.55
3kihC01,20,25,510,34,2.49
3p5jB01,20,25,530,74,2.9
3vtnA01,20,25,540,32,1.75
4ewcA01,20,25,560,52,2.7
1odhA01,20,25,670,71,2.85
3lxuX02,20,25,690,72,3.14
2z2mD02,20,28,150,33,2.6
3es1A01,20,70,150,36,1.91
3rioA01,30,24,10,68,1.99
4gouA02,30,29,200,156,2.3
4qxaB00,30,29,230,147,2.3
5ycqA00,30,30,390,75,2.5
1r8oB01,30,30,480,66,1.83
3urgA02,30,30,530,63,2.0
2x4jA01,30,30,600,102,1.62
3qdrB00,30,30,970,49,2.65
3r6oA01,30,30,980,58,1.95
4mdwA00,30,30,1210,127,2.0
4ak1A02,30,30,1270,64,1.95
3mtvA01,30,31,30,80,2.8
1lmlA04,30,34,10,99,1.86
4fo0A02,30,36,90,44,2.6
3df7A03,30,36,100,37,1.87
1uoyA01,30,130,50,57,1.5
4f98A00,30,140,50,61,1.26
1io1A03,30,220,10,95,2.0
1pv5A00,30,320,10,254,1.75
2ipqX02,40,10,200,75,2.2
2pp6A02,40,10,210,63,2.7
3f3bA00,40,10,370,114,2.5
3w1eA03,40,10,410,86,2.0
4q63A00,40,10,430,92,1.95
2d9rA00,40,30,100,83,2.01
4illB01,40,30,310,116,2.48
4kbxA01,40,37,30,224,1.6
2g5dA03,40,50,270,47,1.95
1qwyA01,40,50,290,62,1.3
3go5A01,40,50,330,69,1.4
4hn7A00,40,50,650,85,2.35
2vnuD01,40,50,690,102,2.3
3duzA02,40,50,710,54,2.95
4hspA00,40,50,870,147,2.45
3mx7A00,40,128,180,90,1.76
3rkgA01,40,128,330,94,1.28
3rwxA01,40,128,340,106,2.4
3rwxA02,40,128,350,121,2.4
3n91A02,40,128,420,135,2.4
3nbxX04,40,128,430,107,2.91
4hwmA00,40,128,500,113,1.38
4jglA00,40,128,530,145,1.25
4lqzA00,40,128,570,128,1.92
4whiA00,40,128,600,102,1.7
2ymsA00,40,128,630,124,2.1
4l1nA00,40,128,660,159,2.7
2ynkA00,40,160,130,432,2.64
4gf4A00,40,160,180,293,3.1
3aiiA02,40,240,100,64,1.65
1lxmA04,60,40,1380,76,2.2
1xakA00,60,40,1550,68,1.8
2huhA01,60,40,1600,133,1.54
3fbqA01,60,40,1630,144,2.71
3fbqA02,60,40,1640,139,2.71
1r6vA01,60,40,1800,125,1.7
3esmA00,60,40,2230,136,1.65
3isyA00,60,40,2360,115,2.61
2zf8A01,60,40,2540,154,2.85
3py9A04,60,40,2560,78,2.2
4d8oA03,60,40,2660,126,2.2
4dgwC00,60,40,2690,139,3.11
4ak1A01,60,40,2710,95,1.95
2h6oA01,60,40,2800,149,3.5
2h6oA02,60,40,2810,155,3.5
2h6oA03,60,40,2820,110,3.5
2pn5A01,60,40,2950,93,2.7
3lxuX04,60,40,3170,132,3.14
3lyrA00,60,40,3180,204,2.51
3u4kA00,60,40,3310,159,3.0
3uafA00,60,40,3330,117,2.01
3uh8A00,60,40,3350,118,2.3
3zxaC02,60,40,3420,106,3.2
4binA01,60,40,3500,116,2.49
4epsA02,60,40,3570,122,1.85
4fe9A01,60,40,3640,120,2.0
4fgmA01,60,40,3650,171,2.39
4fx5A01,60,40,3670,141,1.73
4g2aA01,60,40,3680,229,2.33
4h4nA00,60,40,3750,62,1.1
4lb8A02,60,40,3900,136,2.49
4mtmA01,60,40,3940,96,1.37
4cguB00,60,40,4160,80,2.11
4oq1A01,60,40,4180,121,1.85
1g8kC01,60,40,4210,116,1.64
4apmA03,60,40,4360,57,2.3
4bjjB00,60,40,4370,85,2.4
4nx9A02,60,40,4390,120,2.1
3cbnA00,60,120,630,142,1.63
3ptyA02,60,120,940,178,2.0
3j26N01,60,120,1100,170,3.5
3rj2X00,60,120,1150,133,2.2
4ag4A02,60,120,1190,182,2.8
4dnyA00,60,120,1230,109,1.61
4il7A00,60,120,1300,85,1.4
4a4yA01,60,200,50,98,1.57
1n7vA02,60,330,10,123,2.2
2p84A01,60,430,10,60,1.8
1tulA00,70,40,20,102,2.2
4j5tA01,70,98,110,310,2.04
1njhA00,70,180,10,105,1.7
1xezA02,70,240,20,399,2.3
4d8mA03,100,10,40,199,2.3
1n7vA01,105,10,10,177,2.2
3n6zA01,160,20,110,263,1.3
1h6wA02,160,30,10,43,1.9
1io1A02,170,280,10,131,2.0
3c19A02,10,20,300,78,2.5
5lznA00,10,20,360,111,1.4
1y56A01,10,20,440,94,2.86
4je3B00,10,20,720,77,2.28
4njcA00,10,20,730,58,2.3
3frnA01,10,129,70,139,2.05
1lmlA01,10,170,20,170,1.86
3m1cA01,10,360,40,52,3.0
4ntqA00,10,380,20,75,2.4
1divA02,10,430,100,90,2.6
4kt3B00,10,450,170,127,1.44
2fgtA02,10,450,310,82,2.3
2ciuA00,10,450,320,123,1.6
3tdgA01,10,450,520,66,2.1
3u97A00,10,450,530,74,1.1
2w2sA00,10,460,20,163,2.75
2hlyA00,10,550,10,205,1.6
3ci0J01,10,610,10,97,2.2
3bqwA01,15,30,10,210,2.2
3sggA02,20,20,490,251,1.25
3lm3A01,20,20,510,300,1.44
1wfxA02,20,170,30,87,2.8
2hw2A00,20,170,40,138,1.45
4eyyQ02,20,170,50,114,2.4
3c4aA02,30,9,20,144,2.3
3e1tA02,30,9,100,166,2.05
2fd4A00,30,40,110,105,1.8
3fjuB00,30,40,170,65,1.6
3plwA00,30,40,190,110,1.4
4bs9A04,30,40,250,90,2.9
3g27A01,30,50,20,65,2.1
6ds6A00,30,60,90,53,1.95
2cjsC01,30,60,120,38,1.78
1f3vA00,30,70,680,158,2.0
2e7vA01,30,70,960,105,1.92
1u02A02,30,70,1020,73,1.92
1tuwA00,30,70,1090,106,1.9
1u0sA00,30,70,1110,86,1.9
1j27A00,30,70,1120,98,1.7
1u7lA01,30,70,1180,91,1.75
2ijrA01,30,70,1270,95,2.7
3c19A01,30,70,1380,99,2.5
3h20A02,30,70,1790,103,1.99
2x3gA00,30,70,1910,113,1.8
3n28A02,30,70,2020,106,2.3
2e1mC01,30,70,2100,68,2.8
2zktA02,30,70,2130,73,2.4
3rrkA01,30,70,2170,72,2.64
2qsfA04,30,70,2460,70,2.35
2v9kA03,30,70,2510,125,2.0
3kfwX02,30,70,2650,78,2.5
3nlcA01,30,70,2700,76,2.15
3rrkA03,30,70,2750,74,2.64
3wx4A00,30,70,2770,98,1.9
4h4kA01,30,70,2940,89,2.8
4hlbA00,30,70,2960,94,1.8
4m5dA03,30,70,3020,136,1.97
4m5dA05,30,70,3030,133,1.97
2efvA00,30,70,3260,82,1.9
4chdA00,30,70,3510,135,2.4
1odhA02,30,70,3530,59,2.85
2p9bA02,30,110,90,85,1.7
1xezA01,30,110,130,81,2.3
4eo0A00,30,110,160,106,1.61
1dq3A02,30,160,90,76,2.1
2gpiA00,30,160,140,89,1.6
2wzoA01,30,160,360,133,1.6
2e1mA04,30,160,490,37,2.8
2ve7C02,30,160,570,55,2.88
2yt4A01,30,160,590,35,2.6
4bs9A05,30,160,660,114,2.9
4kzsA03,30,160,710,97,2.7
4uoiC00,30,160,890,51,3.49
1zylA01,30,200,70,70,2.8
2p4bB02,30,200,100,98,2.4
4bjjA00,30,200,160,106,2.4
3n2qA02,30,300,190,112,2.55
3n54B03,30,300,210,143,2.3
4jm1A00,30,300,300,83,1.4
1udxA03,30,300,350,74,2.07
1t6aA02,30,310,120,76,2.05
2fpnA02,30,360,40,63,2.49
3hxlA05,30,360,90,68,1.9
3i3lA02,30,390,160,125,2.2
3m1cB01,30,390,170,109,3.0
3hrgA01,30,420,250,139,1.85
3hrgA02,30,420,260,109,1.85
3kyzA00,30,450,170,110,1.5
2gnxA02,30,450,240,106,2.45
3u2aA00,30,450,310,111,1.7
2x5rA01,30,470,40,115,2.0
4bkwA03,30,500,40,126,2.53
1sziA01,30,720,170,57,2.8
3l9aX01,30,720,180,75,1.3
4kqeA03,30,720,200,68,2.74
1bplA01,30,750,90,104,2.2
3k50A01,30,750,170,101,2.0
1a87A01,30,1120,60,97,3.1
3lm3A02,30,1120,110,106,1.44
1g2rA00,30,1230,10,94,1.35
1wd5A02,30,1310,20,60,2.0
4bs9A03,30,1330,230,145,2.9
1j5yA02,30,1340,20,103,2.3
4bkwA02,30,1360,220,100,2.53
2ffmA00,30,1370,70,79,2.51
2fphX01,30,1370,160,77,1.7
3hxlA04,30,1370,220,79,1.9
3l4gC01,30,1370,240,105,3.3
2qyzA01,30,1490,160,53,2.04
3h20A01,30,1490,240,66,1.99
3n6xA03,30,1490,270,55,2.35
3c0fB00,30,1490,340,80,1.8
3hxlA01,30,1490,360,61,1.9
4r7rA00,30,1490,410,121,2.45
2e1mA03,30,1490,470,80,2.8
3w1eA01,30,1660,40,89,2.0
1okgA03,30,1670,10,66,2.1
1qysA00,30,1710,10,91,2.5
1td6A02,30,1790,10,92,2.5
2iayA00,30,1820,10,110,1.2
3bqwA02,30,1930,10,137,2.2
1qw2A00,30,1980,10,97,1.5
1sr8A01,30,1990,10,39,1.9
2fpnA01,30,2030,10,135,2.49
2v7sA00,30,2030,20,167,1.96
1sr8A02,30,2110,10,153,1.9
1nt2B01,30,2150,10,71,2.9
3kluA01,30,2220,30,110,2.2
1yueA03,30,2320,40,119,2.9
1wv8A00,30,2390,10,70,2.2
4ntqB00,30,2450,20,142,2.4
4f0aB02,30,2460,20,68,3.25
2q07A01,40,50,10630,139,2.04
1sr8A03,40,50,10720,90,1.9
3fkqA01,40,50,10850,115,2.1
2p9bA03,40,50,10910,120,1.7
3hynA00,40,50,11200,180,1.2
4j29A00,40,50,11230,126,2.1
3k1tA02,40,50,11280,138,1.9
3n6xA02,40,50,11290,96,2.35
3vbcA00,40,50,11530,136,1.8
3df7A01,40,50,11770,95,1.87
3hxlA03,40,50,11790,103,1.9
3kwlA04,40,50,11810,134,1.94
3uc9A00,40,50,11960,180,1.8
4g4sO01,40,50,12120,200,2.49
4i66A00,40,50,12140,195,1.3
3s1sA02,40,50,12420,402,2.35
3w0lB03,40,50,12620,134,2.92
4af8A00,40,50,12660,333,1.4
1vkwA02,40,109,30,95,2.0
1vk9A00,40,140,30,142,2.7
3ptyA01,40,190,160,106,2.0
3mstA00,40,190,200,225,1.35
3nohA00,40,190,210,120,1.6
2q82A00,40,250,20,108,1.83
1dmuA00,40,600,20,299,2.2
3dddA02,40,630,90,142,2.25
1vr8A00,40,1000,20,132,1.75
3bcyA00,40,1000,40,145,1.7
3nr5A00,40,1000,50,157,1.55
4esqA00,40,1000,70,194,1.7
1tdjA03,40,1020,10,161,2.8
3m7gA01,40,1170,50,63,2.4
2czrA01,40,1350,70,106,2.3
4lqeA00,40,1350,140,148,2.1
2o3bB00,40,1460,10,135,2.3
1y0kA00,40,1540,10,178,1.75
2zixB01,40,1620,30,53,3.5
3cniA00,40,1710,10,143,2.3
1pzwA00,40,1800,20,80,2.0
4xpmB00,40,1840,10,67,2.4
3k9tA02,50,30,90,95,2.37
2psbA00,50,90,10,287,2.1
3gs9A02,55,50,40,89,1.7
3adyA00,55,50,60,102,2.0
3ov5A00,55,50,70,84,1.04
3canA00,80,30,10,158,1.8
1ukfA00,90,70,20,188,1.35
3ifuA02,90,70,60,116,2.42
3mtvA02,90,70,70,123,2.8
3rnvA00,90,70,150,123,2.0
4iumA00,90,70,160,127,1.45
4mi7A00,90,70,170,124,1.65
1u3eM01,90,75,20,106,2.92
2czrA02,90,79,30,120,2.3
1lmlA02,90,132,10,124,1.86
2c0nA00,90,550,40,187,1.86
3weeA03,90,640,60,89,3.1
3vthA01,90,870,50,305,2.0
2atzA00,90,920,20,172,2.0
3deeA02,90,930,50,109,2.1
4bs9A01,90,930,60,95,2.9
1o22A00,90,1000,10,146,2.0
2wb6A00,90,1150,90,114,1.95
4h63Q04,90,1150,120,116,3.4
4j8lA02,90,1150,130,114,1.65
