S_seq_id	S_mon_id	A_id	A_label_atom_id	A_Cartn_x	A_Cartn_y	A_Cartn_z
1	SER	null	null	null	null	null
2	SER	null	null	null	null	null
3	GLU	null	null	null	null	null
4	GLU	null	null	null	null	null
5	LEU	null	null	null	null	null
6	LEU	null	null	null	null	null
7	LYS	null	null	null	null	null
8	GLN	null	null	null	null	null
9	ALA	null	null	null	null	null
10	LEU	null	null	null	null	null
11	GLN	null	null	null	null	null
12	GLN	null	null	null	null	null
13	ALA	null	null	null	null	null
14	GLN	null	null	null	null	null
15	GLN	null	null	null	null	null
16	LEU	null	null	null	null	null
17	LEU	null	null	null	null	null
18	GLN	null	null	null	null	null
19	GLN	null	null	null	null	null
20	ALA	null	null	null	null	null
21	GLN	null	null	null	null	null
22	GLU	null	null	null	null	null
23	LEU	null	null	null	null	null
24	ALA	null	null	null	null	null
25	LYS	null	null	null	null	null
26	LYS	null	null	null	null	null
27	GLY	null	null	null	null	null
28	GLY	null	null	null	null	null
29	GLY	null	null	null	null	null
30	GLU	null	null	null	null	null
31	GLU	null	null	null	null	null
32	LEU	null	null	null	null	null
33	LEU	null	null	null	null	null
34	LYS	null	null	null	null	null
35	GLN	null	null	null	null	null
36	ALA	null	null	null	null	null
37	LEU	null	null	null	null	null
38	GLN	null	null	null	null	null
39	GLN	null	null	null	null	null
40	ALA	null	null	null	null	null
41	GLN	null	null	null	null	null
42	GLN	null	null	null	null	null
43	LEU	null	null	null	null	null
44	LEU	null	null	null	null	null
45	GLN	null	null	null	null	null
46	GLN	null	null	null	null	null
47	ALA	null	null	null	null	null
48	GLN	null	null	null	null	null
49	GLU	null	null	null	null	null
50	LEU	null	null	null	null	null
51	ALA	null	null	null	null	null
52	LYS	null	null	null	null	null
53	LYS	null	null	null	null	null
54	GLY	null	null	null	null	null
55	GLY	null	null	null	null	null
56	GLY	null	null	null	null	null
57	GLY	null	null	null	null	null
58	GLU	1	N	-16.436	26.028	-3.313
58	GLU	2	CA	-16.731	27.465	-3.392
58	GLU	3	C	-17.848	27.989	-2.494
58	GLU	4	O	-17.694	29.044	-1.863
58	GLU	5	CB	-17.121	27.919	-4.793
58	GLU	6	H	-15.538	25.711	-3.562
59	GLU	7	N	-18.975	27.245	-2.396
59	GLU	8	CA	-20.016	27.587	-1.413
59	GLU	9	C	-19.371	27.125	-0.139
59	GLU	10	O	-19.719	27.591	0.925
59	GLU	11	CB	-21.363	26.807	-1.514
59	GLU	12	H	-19.117	26.491	-3.01
60	LEU	13	N	-18.423	26.19	-0.222
60	LEU	14	CA	-17.658	25.752	0.937
60	LEU	15	C	-16.809	26.9	1.472
60	LEU	16	O	-16.825	27.108	2.687
60	LEU	17	CB	-16.785	24.565	0.516
60	LEU	18	CG	null	null	null
60	LEU	19	CD1	null	null	null
60	LEU	20	CD2	null	null	null
60	LEU	21	H	-18.289	25.74	-1.081
61	LEU	22	N	-16.118	27.645	0.57
61	LEU	23	CA	-15.35	28.839	0.891
61	LEU	24	C	-16.344	29.758	1.516
61	LEU	25	O	-16.078	30.195	2.62
61	LEU	26	CB	-14.784	29.482	-0.331
61	LEU	27	CG	-14.091	30.77	-0.114
61	LEU	28	CD1	-12.796	30.681	0.67
61	LEU	29	CD2	-13.766	31.227	-1.48
61	LEU	30	H	-16.111	27.383	-0.374
62	LYS	31	N	-17.511	29.948	0.918
62	LYS	32	CA	-18.55	30.691	1.613
62	LYS	33	C	-18.799	30.102	3.007
62	LYS	34	O	-18.609	30.829	3.974
62	LYS	35	CB	-19.865	30.666	0.801
62	LYS	36	H	-17.686	29.605	-0.001
63	GLN	37	N	-19.045	28.802	3.223
63	GLN	38	CA	-19.389	28.275	4.532
63	GLN	39	C	-18.175	28.572	5.418
63	GLN	40	O	-18.344	28.912	6.596
63	GLN	41	CB	-19.616	26.724	4.495
63	GLN	42	H	-18.929	28.17	2.512
64	ALA	43	N	-16.956	28.617	4.901
64	ALA	44	CA	-15.795	28.823	5.736
64	ALA	45	C	-15.657	30.259	6.142
64	ALA	46	O	-15.308	30.571	7.274
64	ALA	47	CB	-14.482	28.432	5.067
64	ALA	48	H	-16.849	28.582	3.938
65	LEU	49	N	-15.985	31.148	5.221
65	LEU	50	CA	-15.825	32.545	5.485
65	LEU	51	C	-16.962	32.914	6.371
65	LEU	52	O	-16.663	33.385	7.459
65	LEU	53	CB	-15.883	33.396	4.225
65	LEU	54	CG	-14.777	33.161	3.176
65	LEU	55	CD1	-15.012	34.164	2.055
65	LEU	56	CD2	-13.367	33.287	3.761
65	LEU	57	H	-16.384	30.832	4.383
66	GLN	58	N	-18.228	32.641	6.072
66	GLN	59	CA	-19.327	33.033	6.945
66	GLN	60	C	-19.091	32.578	8.385
66	GLN	61	O	-19.471	33.247	9.338
66	GLN	62	CB	null	null	null
66	GLN	63	CG	null	null	null
66	GLN	64	CD	null	null	null
66	GLN	65	OE1	null	null	null
66	GLN	66	NE2	null	null	null
66	GLN	67	H	-18.431	32.16	5.249
66	GLN	68	HE21	-24.932	31.542	6.14
66	GLN	69	HE22	-24.47	33.1	6.753
67	GLN	70	N	-18.383	31.507	8.601
67	GLN	71	CA	-18.25	31.038	9.945
67	GLN	72	C	-17.05	31.654	10.547
67	GLN	73	O	-17.045	31.777	11.77
67	GLN	74	CB	-18.002	29.57	10.082
67	GLN	75	CG	-19.112	28.67	9.683
67	GLN	76	CD	-18.552	27.304	9.434
67	GLN	77	OE1	-17.698	26.76	10.131
67	GLN	78	NE2	-19.044	26.709	8.369
67	GLN	79	H	-18.007	31.0	7.84
67	GLN	80	HE21	-18.684	25.803	8.204
67	GLN	81	HE22	-19.696	27.199	7.815
68	ALA	82	N	-16.028	31.981	9.76
68	ALA	83	CA	-14.876	32.605	10.317
68	ALA	84	C	-15.405	33.998	10.743
68	ALA	85	O	-15.155	34.462	11.885
68	ALA	86	CB	-13.796	32.735	9.284
68	ALA	87	H	-16.068	31.791	8.814
69	GLN	88	N	-16.277	34.622	9.93
69	GLN	89	CA	-16.852	35.895	10.283
69	GLN	90	C	-17.626	35.82	11.588
69	GLN	91	O	-17.4	36.603	12.528
69	GLN	92	CB	-17.762	36.388	9.165
69	GLN	93	H	-16.456	34.235	9.062
70	GLN	94	N	-18.463	34.808	11.763
70	GLN	95	CA	-19.177	34.629	13.041
70	GLN	96	C	-18.216	34.456	14.219
70	GLN	97	O	-18.472	34.887	15.345
70	GLN	98	CB	-20.052	33.406	12.956
70	GLN	99	CG	-21.035	33.507	11.78
70	GLN	100	CD	-22.052	32.402	11.828
70	GLN	101	OE1	-21.825	31.212	11.66
70	GLN	102	NE2	-23.256	32.819	12.15
70	GLN	103	H	-18.631	34.174	11.032
70	GLN	104	HE21	-23.953	32.13	12.203
70	GLN	105	HE22	-23.397	33.774	12.349
71	LEU	106	N	-17.039	33.889	13.958
71	LEU	107	CA	-16.107	33.664	15.018
71	LEU	108	C	-15.297	34.894	15.317
71	LEU	109	O	-15.132	35.16	16.514
71	LEU	110	CB	-15.249	32.444	14.64
71	LEU	111	CG	-15.986	31.098	14.703
71	LEU	112	CD1	-15.168	29.977	14.154
71	LEU	113	CD2	-16.243	30.782	16.137
71	LEU	114	H	-16.813	33.6	13.047
72	LEU	115	N	-14.831	35.686	14.333
72	LEU	116	CA	-14.105	36.905	14.67
72	LEU	117	C	-15.099	37.777	15.403
72	LEU	118	O	-14.695	38.378	16.413
72	LEU	119	CB	-13.596	37.693	13.487
72	LEU	120	CG	-12.553	36.81	12.841
72	LEU	121	CD1	-11.916	37.524	11.693
72	LEU	122	CD2	-11.475	36.438	13.853
72	LEU	123	H	-14.984	35.43	13.42
73	GLN	124	N	-16.4	37.769	15.069
73	GLN	125	CA	-17.331	38.479	15.906
73	GLN	126	C	-17.401	37.918	17.303
73	GLN	127	O	-17.47	38.74	18.203
73	GLN	128	CB	-18.732	38.442	15.364
73	GLN	129	H	-16.676	37.294	14.258
74	GLN	130	N	-17.39	36.604	17.615
74	GLN	131	CA	-17.351	36.141	19.017
74	GLN	132	C	-16.071	36.731	19.669
74	GLN	133	O	-16.183	37.367	20.724
74	GLN	134	CB	-17.279	34.617	19.106
74	GLN	135	CG	-18.378	33.749	18.441
74	GLN	136	CD	-18.295	32.221	18.66
74	GLN	137	OE1	-19.206	31.455	18.341
74	GLN	138	NE2	-17.26	31.617	19.271
74	GLN	139	H	-17.4	35.941	16.886
74	GLN	140	HE21	-17.266	30.625	19.357
74	GLN	141	HE22	-16.523	32.176	19.647
75	ALA	142	N	-14.868	36.66	19.04
75	ALA	143	CA	-13.623	37.197	19.574
75	ALA	144	C	-13.836	38.626	19.993
75	ALA	145	O	-13.59	38.978	21.151
75	ALA	146	CB	-12.535	37.24	18.564
75	ALA	147	H	-14.833	36.224	18.186
76	GLN	148	N	-14.413	39.414	19.109
76	GLN	149	CA	-14.64	40.818	19.348
76	GLN	150	C	-15.457	41.122	20.576
76	GLN	151	O	-15.021	41.928	21.41
76	GLN	152	CB	-15.32	41.448	18.179
76	GLN	153	CG	-14.671	42.771	17.85
76	GLN	154	CD	-15.065	43.265	16.471
76	GLN	155	OE1	-15.45	42.569	15.531
76	GLN	156	NE2	-15.005	44.576	16.306
76	GLN	157	H	-14.633	39.02	18.261
76	GLN	158	HE21	-15.262	44.889	15.404
76	GLN	159	HE22	-14.75	45.149	17.069
77	GLU	160	N	-16.602	40.478	20.748
77	GLU	161	CA	-17.368	40.721	21.955
77	GLU	162	C	-16.641	40.205	23.184
77	GLU	163	O	-16.838	40.708	24.282
77	GLU	164	CB	-18.729	40.055	21.929
77	GLU	165	H	-16.903	39.829	20.068
78	LEU	166	N	-15.774	39.217	23.045
78	LEU	167	CA	-15.056	38.709	24.178
78	LEU	168	C	-14.05	39.747	24.48
78	LEU	169	O	-13.691	39.869	25.642
78	LEU	170	CB	-14.376	37.419	23.837
78	LEU	171	CG	-15.354	36.283	24.007
78	LEU	172	CD1	-14.867	35.059	23.285
78	LEU	173	CD2	-15.61	36.135	25.497
78	LEU	174	H	-15.634	38.784	22.175
79	ALA	175	N	-13.639	40.497	23.49
79	ALA	176	CA	-12.673	41.486	23.755
79	ALA	177	C	-13.356	42.668	24.435
79	ALA	178	O	-12.719	43.297	25.274
79	ALA	179	CB	-11.999	41.849	22.429
79	ALA	180	H	-13.964	40.357	22.582
80	LYS	181	N	-14.586	43.093	24.141
80	LYS	182	CA	-15.225	44.169	24.92
80	LYS	183	C	-15.998	43.611	26.135
80	LYS	184	O	-15.913	44.038	27.301
80	LYS	185	CB	-16.171	44.938	23.999
80	LYS	186	H	-15.042	42.695	23.365
81	LYS	null	null	null	null	null
82	GLY	null	null	null	null	null
83	GLY	null	null	null	null	null
84	GLY	null	null	null	null	null
85	GLU	187	N	-11.015	35.104	27.868
85	GLU	188	CA	-9.565	34.822	27.795
85	GLU	189	C	-9.273	33.517	27.044
85	GLU	190	O	-8.815	33.542	25.902
85	GLU	191	CB	-8.966	34.705	29.203
85	GLU	192	H	-11.333	36.026	27.974
86	GLU	193	N	-9.685	32.38	27.636
86	GLU	194	CA	-9.565	31.072	27.02
86	GLU	195	C	-10.461	31.019	25.772
86	GLU	196	O	-10.009	30.629	24.687
86	GLU	197	CB	-10.011	30.066	28.002
86	GLU	198	H	-10.091	32.462	28.513
87	LEU	199	N	-11.716	31.503	25.904
87	LEU	200	CA	-12.695	31.572	24.803
87	LEU	201	C	-12.361	32.616	23.733
87	LEU	202	O	-12.743	32.506	22.574
87	LEU	203	CB	-14.101	31.861	25.348
87	LEU	204	CG	-14.854	30.92	26.314
87	LEU	205	CD1	-16.204	31.421	26.833
87	LEU	206	CD2	-15.023	29.676	25.519
87	LEU	207	H	-11.957	31.819	26.794
88	LEU	208	N	-11.643	33.68	24.074
88	LEU	209	CA	-11.174	34.579	23.047
88	LEU	210	C	-10.068	33.781	22.378
88	LEU	211	O	-10.099	33.695	21.149
88	LEU	212	CB	-10.54	35.845	23.564
88	LEU	213	CG	-9.832	36.705	22.53
88	LEU	214	CD1	-10.874	37.416	21.757
88	LEU	215	CD2	-8.959	37.768	23.158
88	LEU	216	H	-11.335	33.822	24.988
89	LYS	217	N	-9.133	33.136	23.108
89	LYS	218	CA	-8.069	32.414	22.443
89	LYS	219	C	-8.572	31.402	21.411
89	LYS	220	O	-8.168	31.42	20.225
89	LYS	221	CB	-7.263	31.708	23.505
89	LYS	222	H	-9.15	33.159	24.079
90	GLN	223	N	-9.529	30.586	21.867
90	GLN	224	CA	-10.215	29.56	21.078
90	GLN	225	C	-10.849	30.094	19.807
90	GLN	226	O	-10.661	29.498	18.722
90	GLN	227	CB	-11.367	28.887	21.79
90	GLN	228	CG	-11.123	28.074	23.062
90	GLN	229	CD	-12.423	27.595	23.71
90	GLN	230	OE1	-13.457	27.396	23.055
90	GLN	231	NE2	-12.405	27.433	25.031
90	GLN	232	H	-9.735	30.657	22.81
90	GLN	233	HE21	-13.263	27.169	25.43
90	GLN	234	HE22	-11.577	27.602	25.533
91	ALA	235	N	-11.627	31.201	19.963
91	ALA	236	CA	-12.314	31.806	18.823
91	ALA	237	C	-11.414	32.302	17.735
91	ALA	238	O	-11.769	32.186	16.561
91	ALA	239	CB	-13.149	32.971	19.257
91	ALA	240	H	-11.744	31.581	20.863
92	LEU	241	N	-10.213	32.739	18.099
92	LEU	242	CA	-9.218	33.172	17.122
92	LEU	243	C	-8.471	32.012	16.459
92	LEU	244	O	-8.181	32.002	15.242
92	LEU	245	CB	-8.242	34.168	17.817
92	LEU	246	CG	-8.99	35.498	18.198
92	LEU	247	CD1	-8.151	36.311	19.149
92	LEU	248	CD2	-9.302	36.325	16.966
92	LEU	249	H	-9.985	32.787	19.062
93	GLN	250	N	-8.268	30.96	17.278
93	GLN	251	CA	-7.626	29.758	16.758
93	GLN	252	C	-8.517	29.153	15.683
93	GLN	253	O	-8.138	29.034	14.495
93	GLN	254	CB	-7.431	28.799	17.901
93	GLN	255	H	-8.514	31.024	18.23
94	GLN	256	N	-9.794	28.987	16.098
94	GLN	257	CA	-10.78	28.353	15.268
94	GLN	258	C	-10.969	29.164	14.002
94	GLN	259	O	-10.91	28.596	12.897
94	GLN	260	CB	-12.048	28.277	15.998
94	GLN	261	CG	-12.971	27.255	15.362
94	GLN	262	CD	-14.306	27.076	16.089
94	GLN	263	OE1	-15.332	26.866	15.435
94	GLN	264	NE2	-14.397	27.148	17.408
94	GLN	265	H	-10.025	29.266	16.986
94	GLN	266	HE21	-15.294	26.922	17.718
94	GLN	267	HE22	-13.632	27.354	17.968
95	ALA	268	N	-11.114	30.503	14.131
95	ALA	269	CA	-11.257	31.335	12.957
95	ALA	270	C	-10.046	31.191	12.008
95	ALA	271	O	-10.142	31.139	10.75
95	ALA	272	CB	-11.391	32.797	13.366
95	ALA	273	H	-11.092	30.925	14.999
96	GLN	274	N	-8.851	31.013	12.591
96	GLN	275	CA	-7.7	30.893	11.719
96	GLN	276	C	-7.771	29.623	10.892
96	GLN	277	O	-7.429	29.579	9.695
96	GLN	278	CB	-6.47	30.864	12.51
96	GLN	279	CG	-5.343	31.749	12.02
96	GLN	280	CD	-4.888	32.303	13.344
96	GLN	281	OE1	-4.332	31.649	14.239
96	GLN	282	NE2	-5.182	33.572	13.462
96	GLN	283	H	-8.731	30.987	13.558
96	GLN	284	HE21	-4.918	33.935	14.34
96	GLN	285	HE22	-5.589	34.06	12.722
97	GLN	286	N	-8.322	28.636	11.578
97	GLN	287	CA	-8.559	27.427	10.877
97	GLN	288	C	-9.446	27.693	9.666
97	GLN	289	O	-8.98	27.549	8.527
97	GLN	290	CB	-9.211	26.458	11.814
97	GLN	291	H	-8.543	28.766	12.518
98	LEU	292	N	-10.636	28.243	9.825
98	LEU	293	CA	-11.504	28.43	8.693
98	LEU	294	C	-10.889	29.248	7.595
98	LEU	295	O	-11.104	29.033	6.395
98	LEU	296	CB	-12.773	29.05	9.199
98	LEU	297	CG	-13.506	27.97	9.995
98	LEU	298	CD1	-14.523	28.635	10.895
98	LEU	299	CD2	-14.088	26.933	9.049
98	LEU	300	H	-10.89	28.561	10.709
99	LEU	301	N	-10.0	30.147	8.01
99	LEU	302	CA	-9.339	30.935	6.993
99	LEU	303	C	-8.266	30.164	6.296
99	LEU	304	O	-8.166	30.32	5.09
99	LEU	305	CB	-8.769	32.218	7.62
99	LEU	306	CG	-9.809	33.298	7.915
99	LEU	307	CD1	-9.107	34.62	8.225
99	LEU	308	CD2	-10.766	33.406	6.7
99	LEU	309	H	-9.841	30.309	8.962
100	GLN	310	N	-7.526	29.256	6.933
100	GLN	311	CA	-6.509	28.466	6.229
100	GLN	312	C	-7.27	27.653	5.177
100	GLN	313	O	-6.866	27.682	4.001
100	GLN	314	CB	-5.779	27.494	7.157
100	GLN	315	H	-7.72	29.076	7.875
101	GLN	316	N	-8.461	27.084	5.545
101	GLN	317	CA	-9.327	26.252	4.672
101	GLN	318	C	-9.79	27.149	3.576
101	GLN	319	O	-9.777	26.759	2.43
101	GLN	320	CB	-10.632	25.653	5.336
101	GLN	321	CG	-10.444	24.737	6.569
101	GLN	322	CD	-11.636	23.928	7.076
101	GLN	323	OE1	-11.501	23.019	7.898
101	GLN	324	NE2	-12.871	24.14	6.652
101	GLN	325	H	-8.782	27.292	6.443
101	GLN	326	HE21	-13.573	23.597	7.107
101	GLN	327	HE22	-13.038	24.839	5.981
102	ALA	328	N	-10.138	28.371	3.936
102	ALA	329	CA	-10.544	29.349	2.96
102	ALA	330	C	-9.425	29.651	1.983
102	ALA	331	O	-9.666	29.716	0.767
102	ALA	332	CB	-10.938	30.63	3.654
102	ALA	333	H	-10.108	28.618	4.88
103	GLN	334	N	-8.195	29.724	2.495
103	GLN	335	CA	-7.08	30.033	1.641
103	GLN	336	C	-6.879	28.83	0.758
103	GLN	337	O	-7.079	29.028	-0.441
103	GLN	338	CB	-5.806	30.322	2.412
103	GLN	339	CG	-5.048	31.568	1.845
103	GLN	340	CD	-4.716	32.533	2.97
103	GLN	341	OE1	-5.285	32.494	4.046
103	GLN	342	NE2	-3.824	33.489	2.851
103	GLN	343	H	-8.043	29.592	3.439
103	GLN	344	HE21	-3.677	33.965	3.71
103	GLN	345	HE22	-3.353	33.726	2.008
104	GLU	346	N	-6.578	27.625	1.275
104	GLU	347	CA	-6.382	26.469	0.418
104	GLU	348	C	-7.59	26.171	-0.529
104	GLU	349	O	-7.402	25.696	-1.664
104	GLU	350	CB	-6.057	25.284	1.334
104	GLU	351	H	-6.487	27.524	2.236
105	LEU	352	N	-8.848	26.517	-0.119
105	LEU	353	CA	-10.044	26.335	-0.933
105	LEU	354	C	-10.102	27.346	-2.043
105	LEU	355	O	-10.795	27.076	-3.026
105	LEU	356	CB	-11.333	26.46	-0.112
105	LEU	357	CG	-11.805	25.055	0.229
105	LEU	358	CD1	-12.543	25.066	1.531
105	LEU	359	CD2	-12.658	24.528	-0.9
105	LEU	360	H	-8.925	26.929	0.748
106	ALA	null	null	null	null	null
107	LYS	null	null	null	null	null
108	LYS	null	null	null	null	null
